<?xml version="1.0" encoding="UTF-8"?>
<project-private xmlns="http://www.netbeans.org/ns/project-private/1">
    <editor-bookmarks xmlns="http://www.netbeans.org/ns/editor-bookmarks/2" lastBookmarkId="0"/>
    <open-files xmlns="http://www.netbeans.org/ns/projectui-open-files/2">
        <group>
            <file>file:/D:/pow/web_pro/manage/src/java/mod/course.java</file>
            <file>file:/D:/pow/web_pro/manage/web/teacherprofile.jsp</file>
            <file>file:/D:/pow/web_pro/manage/web/adminprofile.jsp</file>
            <file>file:/D:/pow/web_pro/manage/web/courseList_teacher.jsp</file>
            <file>file:/D:/pow/web_pro/manage/web/css/style.css</file>
        </group>
    </open-files>
</project-private>
